{
  "hash": "083334a1f0fb21eb20101c31b8422ba3",
  "result": {
    "engine": "knitr",
    "markdown": "---\ntitle: Enrollment and Outcomes\n---\n\n\nConsort diagram.\n\n\n::: {.cell}\n\n```{.r .cell-code .hidden}\n#| label: load-pkgs\nlibrary(consort)\n```\n:::\n\n::: {#cell-fig-enrollment-outcomes .cell}\n\n```{.r .cell-code .hidden}\n#| label: fig-enrollment-outcomes\n#| fig-cap: Enrollment and Outcomes.\n#| fig-width: 10\n#| fig-asp: 1\n#| fig-dpi: 300\n\n# use https://github.com/adayim/consort \n# use the consort package to generate a CONSORT diagram using the indo_rct dataset, much like the picture below\nN <- 799\ntrialno <- sample(c(1000:2000), N)\nexc1 <- rep(NA, N)\nexc1[sample(1:N, 197)] <- sample(c(\"Did not meet inclusion criteria\", \"Met exclusion criteria\", \"Did not undergo ERCP\"),  15, replace = TRUE, prob = c(0.858, 0.0558, 0.086))\n```\n\n::: {.cell-output .cell-output-stderr .hidden}\n\n```\nWarning in exc1[sample(1:N, 197)] <- sample(c(\"Did not meet inclusion\ncriteria\", : number of items to replace is not a multiple of replacement length\n```\n\n\n:::\n\n```{.r .cell-code .hidden}\n#| label: fig-enrollment-outcomes\n#| fig-cap: Enrollment and Outcomes.\n#| fig-width: 10\n#| fig-asp: 1\n#| fig-dpi: 300\n\ninduc <- rep(NA, N)\ninduc[is.na(exc1)] <- trialno[is.na(exc1)]\n\nexc2 <- rep(NA, N)\nexc2[sample(1:N, 1)] <- sample(c( \"Could not hold suppository\"), 1, replace = TRUE, prob = c(0.0039))\nexc2[is.na(induc)] <- NA\n\narm <- rep(NA, N)\narm[is.na(exc1)] <- sample(c(\"Conc\", \"Seq\"), sum(is.na(exc1)), replace = TRUE)\narm3 <- sample(c(\"Indomethacin\", \"Placebo\"), N, replace = TRUE)\narm3[is.na(arm)] <- NA\n\ndf_consort <- data.frame(trialno, exc1, induc, exc2, exc1, arm, arm3)\nrm(trialno, exc1, induc, exc2, exc1, arm, arm3, N)\n```\n\n::: {.cell-output .cell-output-stderr .hidden}\n\n```\nWarning in rm(trialno, exc1, induc, exc2, exc1, arm, arm3, N): object 'exc1'\nnot found\n```\n\n\n:::\n\n```{.r .cell-code .hidden}\n#| label: fig-enrollment-outcomes\n#| fig-cap: Enrollment and Outcomes.\n#| fig-width: 10\n#| fig-asp: 1\n#| fig-dpi: 300\n\nconsort_plot(\n  data = df_consort,\n  order = list(\n  trialno = \"Population\",\n  exc1 = \"Excluded\",\n  induc = \"Induction\",\n  exc2 = \"Excluded\",\n  arm3 = \"Randomized patient\",\n  trialno = \"Finished Followup\",\n  trialno = \"Final Analysis\"\n),\n  side_box = c(\"exc1\", \"exc2\"),\n  allocation = \"arm3\",\n  labels = c(\n  \"1\" = \"Screening\", \"2\" = \"Randomization\",\n  \"3\" = \"Assignment\", \"5\" = \"End of study\"\n  ),\n cex = 0.7\n)\n```\n\n::: {.cell-output-display}\n![Enrollment and Outcomes.](consort_files/figure-html/fig-enrollment-outcomes-1.png){#fig-enrollment-outcomes width=3000}\n:::\n:::\n",
    "supporting": [
      "consort_files/figure-html"
    ],
    "filters": [
      "rmarkdown/pagebreak.lua"
    ],
    "includes": {},
    "engineDependencies": {},
    "preserve": {},
    "postProcess": true
  }
}